sroi_ratio,investment_amount,currency,total_social_value,n_beneficiaries,n_outcomes,n_stakeholder_groups,deadweight_pct,attribution_pct,drop_off_pct,displacement_pct,discount_rate_pct,has_sensitivity_analysis,has_proxy_sources,has_materiality_assessment,extraction_notes,report_id,_agent_a_ratio,_agent_b_ratio
25.0,1.0,GBP,2500.0,70000.0,3.0,5.0,,,,,,False,False,False,Agent B's extraction is used for fields where Agent A provided null values. No additional information in the report excerpt contradicts Agent B's values.,9,25.0,25.0
9.0,1.0,GBP,9.0,,,,,,,,,True,False,False,"The investment amount and currency were confirmed based on the report excerpt stating that every £1 invested generates £9 of benefits, indicating a 1:9 investment to social value ratio. No additional information was available for other fields, leaving them as null.",159,9.0,9.0
,,,,,,,,,,,,False,False,False,Agents A and B agree — no reconciliation needed.,55,,
16.87,72000.0,GBP,,122.0,7.0,3.0,81.0,45.0,50.0,,,False,True,False,"All values were taken from Agent B's extraction as Agent A provided null values for the disputed fields. The report excerpt supports the values provided by Agent B, particularly for deadweight and attribution percentages.",144,16.87,16.87
16.83,212603.0,AUD,3578861.0,5.0,10.0,6.0,,,,,,False,False,False,"The number of beneficiaries, outcomes, and stakeholder groups were extracted from Agent B's data as Agent A did not provide values. No further uncertainties remain.",12,16.83,16.83
,,,,,,,,,,,,True,True,False,"The report contains a section titled 'Sensitivity Analysis and Verification' and a table labeled 'Sensitivity Analysis', supporting the presence of sensitivity analysis. The presence of 'Appendix 3 - Financial Proxies' suggests the use of proxy sources. Therefore, the values from Agent B are considered correct for these fields.",83,,
,,,,,,,,,,,,False,False,False,Agents A and B agree — no reconciliation needed.,8,,
1.97,,,,90.0,44.0,,20.0,,,,,False,False,False,"The number of outcomes and deadweight percentage were confirmed from the report excerpt. No additional information was available for other fields, which remain null.",139,1.97,1.97
,,,,,,,,,,,,False,False,False,Agents A and B agree — no reconciliation needed.,242,,
9.93,66962.0,GBP,665137.0,12.0,8.0,6.0,,,,,3.5,False,False,False,"The number of outcomes was determined to be 8 based on Agent B's extraction, which aligns with the report's description of a range of outcomes. No further uncertainties remain.",17,9.93,9.93
3.47,174775.0,EUR,606405.0,18.0,16.0,1.0,,,,,,True,False,False,"The number of outcomes and stakeholder groups were confirmed based on Agent B's extraction, which aligns with the report's details about the vocational training outcomes and stakeholder involvement.",131,3.47,3.47
,,,,,4.0,,,,,,,False,False,False,"The report excerpt confirms the identification of four key outcomes across the recovery communities, supporting Agent B's extraction for 'n_outcomes'. No additional information was available to resolve other fields, which remain null.",347,,
8.69,121733.0,GBP,,224.0,7.0,,,,,,,False,False,False,Agents A and B agree — no reconciliation needed.,266,8.69,8.69
8.38,,,711788.0,37.0,16.0,5.0,,,,,,False,False,True,"The number of beneficiaries, outcomes, and stakeholder groups were confirmed based on Agent B's extraction, which aligns with the report details. No further uncertainties remain.",4,8.38,8.38
8.27,,,91078.0,8.0,7.0,5.0,,,,,,False,False,False,"The number of stakeholder groups was determined to be 5 based on Agent B's extraction, which aligns with the report's description of stakeholders including internal and external groups. No additional information was available to determine values for investment amount, currency, or other percentage fields.",1,8.27,8.27
,,,,72.0,6.0,3.0,,,,,,True,False,False,The number of outcomes and stakeholder groups were confirmed as 6 and 3 respectively based on Agent B's extraction. No additional information was available to determine values for other financial metrics or percentages.,53,,
,,,,,,,,,,,,False,False,False,Agents A and B agree — no reconciliation needed.,112,,
7.96,185000.0,AUD,1472791.0,750.0,5.0,5.0,,,,,,False,False,False,"The number of beneficiaries, outcomes, and stakeholder groups were confirmed based on Agent B's extraction, which aligns with the report excerpt indicating 750 subscribers and 5 stakeholder groups. No further uncertainties remain.",11,7.96,7.96
,,,,,,,,,,,,False,False,False,Agents A and B agree — no reconciliation needed.,372,,
4.95,,GBP,,,,6.0,,,,,,True,False,False,"The number of stakeholder groups was determined to be 6 based on Agent B's extraction, which aligns with the report's content listing multiple stakeholders. No further uncertainties were identified.",58,4.95,4.95
5.13,1974758.0,USD,10141570.0,,,,,,,,,False,False,False,Agents A and B agree — no reconciliation needed.,75,5.13,5.13
6.45,44133.0,GBP,289515.0,5.0,10.0,5.0,,,,,,True,False,False,"The number of beneficiaries and outcomes were confirmed based on Agent B's extraction, as Agent A did not provide values for these fields.",374,6.45,6.45
,,,,,,,,,,,,False,False,False,Agents A and B agree — no reconciliation needed.,142,,
,,,,,,,,,,,,False,False,False,Agents A and B agree — no reconciliation needed.,32,,
6.59,18929.0,GBP,124797.75,25.0,,,25.0,,,,,False,False,False,"The number of beneficiaries was determined to be 25 based on Agent B's extraction, which aligns with the report's mention of 25% of participants moving into work. No other discrepancies were noted.",103,6.59,6.59
,,,,58.0,,,,,,,,True,False,False,Agents A and B agree — no reconciliation needed.,119,,
,,,,53.0,8.0,,,,,,,True,False,False,"The number of outcomes was confirmed as 8 based on the report excerpt indicating eight people moved into paid employment. No other discrepancies were noted, but some fields remain unpopulated due to lack of explicit data in the provided excerpt.",94,,
,,,,1200.0,,3.0,,,,,,True,False,False,The number of beneficiaries and stakeholder groups were confirmed based on the report's forecast for 2013/14 and the identification of primary and secondary stakeholders. No additional data was available to verify other fields.,366,,
,,,,,,3.0,,,,,,False,False,False,"The number of stakeholder groups was determined to be 3 based on the report excerpt, which identifies three material stakeholders: family members and friends, drug and alcohol users in treatment, and the NHS and Criminal Justice System. No other discrepancies were noted, but many fields remain unpopulated due to lack of specific data in the provided excerpt.",84,,
4.65,,,691225.0,,,,,,,,,False,False,True,Agents A and B agree — no reconciliation needed.,7,4.65,4.65
4.53,489463.0,GBP,2218458.0,9500.0,7.0,4.0,,,,,3.5,False,False,False,"The number of outcomes was confirmed as 7 based on the report's impact map section, which lists seven distinct outcomes.",107,4.53,4.53
4.53,489463.0,GBP,7356818.0,9500.0,6.0,5.0,,,,,3.5,False,False,False,The number of outcomes was confirmed as 6 based on the report excerpt detailing the outcomes. No other uncertainties remain.,108,4.53,4.53
4.35,1.0,GBP,43500.0,,,,,,,,,False,False,True,"The investment amount and total social value were confirmed based on the report's statement that for every £1 invested, a social return of £4.35 was realized, leading to a total social value of £43,500. No additional information was available for other fields.",2,4.35,4.35
,225000.0,AED,225000.0,20.0,,,,,,,,True,False,False,"The total social value and number of beneficiaries were confirmed from the report excerpt, which states that 20 paintings were sold for a total income of 225,000 AED. No additional uncertainties remain.",358,,
,,,,41.0,33.0,38.0,,,,,,False,True,False,"The number of outcomes and stakeholder groups were confirmed based on Agent B's extraction, which aligns with the report excerpt indicating 33 families and 38 interviews conducted.",100,,
,,,,,,,,,,,,False,False,False,Agents A and B agree — no reconciliation needed.,296,,
3.98,,GBP,5062000.0,114.0,,,,,,,,False,False,True,Agents A and B agree — no reconciliation needed.,89,3.98,3.98
,,,,,12.0,,,,,,,False,False,False,"The number of outcomes was set to 12 based on Agent B's extraction, which aligns with the report's content structure. No other data was available to confirm or refute this number.",246,,
4.8,,GBP,,10.0,3.0,3.0,,,,,,True,False,False,"The number of beneficiaries, outcomes, and stakeholder groups were confirmed based on the report excerpt, which mentions interviews with ten employees and trainees, and three family questionnaires. No additional information was available to confirm investment amount, total social value, or other percentages.",10,4.8,4.8
,,,,150.0,5.0,3.0,,,,,,False,False,False,"The number of outcomes and stakeholder groups were confirmed based on Agent B's extraction, which aligns with the report's content. No additional information was available to determine values for other fields.",109,,
,,,,362.0,,3.0,,,,,,False,False,False,"The number of beneficiaries and stakeholder groups were confirmed based on the report excerpt, which mentions 362 groups and three specific stakeholder groups. No additional information was available for other fields, resulting in null values.",168,,
,,,,,,,,,,,,False,False,False,Agents A and B agree — no reconciliation needed.,264,,
,,,,2700000.0,,,,,,,,False,False,False,Agents A and B agree — no reconciliation needed.,145,,
3.14,7450000.0,AUD,30000000.0,63.0,,,,,,,,False,False,False,Agents A and B agree — no reconciliation needed.,381,3.14,3.14
3.13,1.0,GBP,3.13,,,5.0,,,,,,True,False,False,"Agent B's extraction is consistent with the report excerpt, confirming the investment amount, currency, total social value, and number of stakeholder groups. No additional uncertainties remain.",20,3.13,3.13
3.08,708125.0,AUD,2181414.0,338.0,7.0,3.0,,,,,,False,False,False,"The SROI ratio of 3.08 is confirmed based on the report excerpt, which indicates an investment of $708,125 creating $2,181,414 of present value. Agent B's null value for the SROI ratio appears to be an oversight.",24,3.08,
3.08,1200000.0,USD,551800.0,900.0,54.0,,89.0,,,,,False,False,False,"The investment amount, currency, number of outcomes, and deadweight percentage were confirmed from the report excerpt. No additional information was available for the fields marked as null.",33,3.08,3.08
2.9,,,,800.0,,,,55.2,,,,False,False,False,Agents A and B agree — no reconciliation needed.,28,2.9,2.9
2.75,3700000.0,,10200000.0,2500000.0,,,,,,,,False,False,False,"The number of beneficiaries was confirmed as 2,500,000 based on Agent B's extraction, which aligns with the report's context of supporting community food programs.",166,2.75,2.75
,,,2100000.0,200.0,5.0,3.0,30.0,,,,,False,False,False,"Agent B provided specific values for n_beneficiaries, n_outcomes, n_stakeholder_groups, and deadweight_pct, which were missing in Agent A's extraction. These values have been accepted as they align with the context of the report. No additional information was available to verify other fields.",172,,
,,,,,,,,,,,,False,False,False,Agents A and B agree — no reconciliation needed.,99,,
,,,,500000.0,,5.0,,,,,,False,False,False,The number of stakeholder groups was determined to be 5 based on the report excerpt mentioning five participating organizations.,39,,
8.21,1.0,GBP,,,,7.0,,,,,,False,False,False,"Investment amount and currency were confirmed by Agent B. The number of stakeholder groups was also confirmed by Agent B. No additional information was available to verify these values independently, but Agent B's extraction appears consistent with the report context.",165,8.21,8.21
2.03,,GBP,,,,,,,,,,True,False,True,"The SROI ratio was determined to be 2.03 based on the report excerpt indicating that the SROI for CleanStart rises to between £2.03 and £2.51 when additional value for families is included. No other discrepancies were noted, and all other fields remain as extracted by both agents.",251,1.91,2.03
,1800000.0,AUD,,,,107.0,,,,,,False,False,False,The number of stakeholder groups is confirmed as 107 based on the report excerpt indicating the program supports a network of Partnership Brokers operating in 107 regions across Australia.,110,,
1.75,18300000.0,GBP,33700000.0,,,,,,,,,False,False,False,Agents A and B agree — no reconciliation needed.,169,1.75,1.75
,56400000.0,GBP,,100000.0,,,,,,,,False,False,False,"The number of beneficiaries was taken from Agent B's extraction as Agent A did not provide a value. No explicit mention of beneficiaries was found in the provided report excerpt, so this value is assumed correct based on Agent B's extraction.",268,,
,,,,,8.0,,,,,,,True,False,False,"The number of outcomes was set to 8 based on Agent B's extraction, which aligns with the report's content indicating multiple outcomes for stakeholders. No additional information was available to verify other fields.",98,,
,0.0,GBP,,28300.0,,,,,,,,False,False,False,"The investment amount and currency were set to 0.0 and GBP respectively, based on Agent B's extraction, as Agent A provided null values. The number of beneficiaries was also taken from Agent B's extraction. The report excerpt supports the number of beneficiaries as it mentions managing 28,300 properties. No explicit investment amount was mentioned in the excerpt, but 0.0 is a reasonable placeholder in the absence of specific data.",95,,
,,,,,,,,,,,,False,False,False,Agents A and B agree — no reconciliation needed.,44,,
3.0,1.0,GBP,3.0,,,,,,,,,True,False,False,"The investment amount and currency were confirmed based on Agent B's extraction, which aligns with the report's statement that every £1 invested generates £3 of benefits. No additional information was available to confirm the number of beneficiaries, outcomes, or stakeholder groups.",67,3.0,3.0
1.58,,,1.58,,,,,,,,,True,False,False,"The total_social_value was set to 1.58 based on Agent B's extraction, which aligns with the report excerpt indicating £1.58 of social value created. No other discrepancies were noted.",93,1.58,1.58
,,,,,,,,,,,,False,False,False,Agents A and B agree — no reconciliation needed.,5,,
0.83,1.0,ZAR,0.83,4.0,4.0,4.0,,,,,,True,False,False,"Agent B provided specific values for investment_amount, total_social_value, n_beneficiaries, and n_outcomes, which align with the report's findings. No additional uncertainties remain.",143,0.83,0.83
4.25,1.0,GBP,4.25,,,,,,,,,False,False,False,"The investment amount and total social value were confirmed from the report excerpt, which states that for every £1 invested, £4.25 is returned. No additional information was available for other fields.",3,4.25,4.25
,,,,70467.0,7.0,235.0,,,,,,False,False,False,The number of outcomes and stakeholder groups were confirmed from the report excerpt: 7 outcomes and 235 stakeholder groups. No additional information was available to resolve other null fields.,6,,
,6000000.0,GBP,128000000.0,4000.0,4000.0,,,,,,,False,False,False,"The number of outcomes was set to 4000 based on Agent B's extraction, which aligns with the report's mention of more than 4,000 test passes. No further uncertainties identified.",13,,
,,GBP,,,,,,,,,,False,False,False,The currency was determined to be GBP based on Agent B's extraction. No other data points were available in the provided report excerpt to resolve other fields.,14,,
,,,,,,,,,,,,False,False,False,Agents A and B agree — no reconciliation needed.,15,,
,,,,10000.0,,10.0,,,,,,False,False,False,"The number of stakeholder groups was confirmed as 10 based on the report excerpt indicating 10 producer group members. No other discrepancies were found, but many fields remain unpopulated due to lack of explicit data in the provided excerpt.",16,,
,,,,,,,,,,,,False,False,False,Agents A and B agree — no reconciliation needed.,18,,
2.16,1.0,GBP,2.16,,,,,,,,,True,False,False,"Agent B's extraction is consistent with the report excerpt, which states that for each £1 invested, £2.16 of social and economic value is created. Therefore, the investment amount is £1.0 and the currency is GBP. No additional uncertainties remain.",19,2.16,2.16
3.19,,,146620.01,1400.0,5.0,2.0,63.0,,,,,True,False,False,"The values for 'n_outcomes', 'n_stakeholder_groups', and 'deadweight_pct' were taken from Agent B as they provided specific numbers, while Agent A left these fields null. No additional information in the report excerpt contradicts these values.",21,3.19,3.19
3.56,,,,25.0,,5.0,,,,,,False,False,True,"The number of beneficiaries and stakeholder groups were confirmed based on the report excerpt, which mentions up to 25 volunteers and a wide range of stakeholders. No additional quantitative data was available for other fields.",22,3.56,3.56
,,,,,,,,,,,,False,False,True,Agents A and B agree — no reconciliation needed.,23,,
,,,,,,,,,,,,True,False,False,Agents A and B agree — no reconciliation needed.,25,,
18.89,36944.0,GBP,697915.93,90.0,1.0,1.0,,,,,,True,False,False,"The report excerpt mentions a stakeholder audit trail and a list of outcomes, supporting Agent B's extraction of 1 outcome and 1 stakeholder group. No further uncertainties remain.",26,18.89,18.89
9.5,540000.0,GBP,5000000.0,95.0,4.0,3.0,,70.0,,,,False,False,False,"The number of outcomes and stakeholder groups were confirmed as 4 and 3 respectively based on Agent B's extraction, which aligns with the report's content. No further uncertainties remain.",27,9.5,9.5
,,,,558.0,,10.0,,,,,,False,False,False,"The number of stakeholder groups was determined to be 10 based on Agent B's extraction, which aligns with the report's mention of 10 different community sites. No other discrepancies were noted, but many fields remain unpopulated due to lack of explicit data in the provided report excerpt.",29,,
,,,,290.0,,,,,,,,False,False,False,Agents A and B agree — no reconciliation needed.,30,,
11.72,,,,154.0,18.0,3.0,,,,,,False,False,False,"The number of outcomes and stakeholder groups were confirmed based on Agent B's extraction, which appears consistent with the report excerpt mentioning 18 programs and multiple stakeholder profiles. No additional information was available to verify investment amount, currency, or total social value.",31,11.72,11.72
2.7,,,,253.0,184.0,3.0,14.0,,,,,False,False,False,"The number of outcomes, stakeholder groups, and deadweight percentage were confirmed based on Agent B's extraction, which aligns with the report details. No additional information was available for investment amount, currency, total social value, attribution percentage, drop-off percentage, displacement percentage, or discount rate percentage.",34,2.7,2.7
,,,,550.0,3.0,3.0,,,,,,False,False,False,The number of outcomes and stakeholder groups were confirmed as 3 based on Agent B's extraction. No additional information was available to determine values for other financial metrics or percentages.,35,,
11.37,,,,76.0,93.0,,,,,,,False,False,False,"The number of outcomes was resolved to 93 based on Agent B's extraction. No explicit mention of outcomes in the report excerpt, but Agent B's extraction is assumed correct.",36,11.37,11.37
6.62,27360.0,USD,182400.0,1.0,1.0,3.0,,,,,,False,False,False,"Agent B provided specific values for investment amount, currency, number of beneficiaries, outcomes, and stakeholder groups, which are consistent with the report excerpt. No remaining uncertainties.",37,6.62,6.62
,,,,1136.0,1431.0,,,,,,,False,False,False,"The number of outcomes was confirmed as 1431 based on the report excerpt, which states that respite services were provided for 1431 children. No other discrepancies were noted.",38,,
,,,,,,,,,,,,False,False,False,Agents A and B agree — no reconciliation needed.,40,,
,,,,,,,,,,,,False,False,False,Agents A and B agree — no reconciliation needed.,41,,
5.52,,,,8000.0,1.0,5.0,10.0,10.0,,,,False,False,False,"Agent B provided values for n_outcomes, n_stakeholder_groups, deadweight_pct, and attribution_pct, which were not present in Agent A's extraction. These values appear consistent with the report context. No further uncertainties identified.",42,5.52,5.52
,,,,5451.0,668.0,2.0,,,,,,False,False,False,"The number of outcomes and stakeholder groups were confirmed based on the report excerpt, which mentions 668 individual cases managed and implies two main stakeholder groups: the seniors served and the outreach workers. No additional information was available to resolve other null fields.",43,,
,,,,,,,,,,,,False,False,False,Agents A and B agree — no reconciliation needed.,45,,
,,,,,,,,,,,,True,False,False,Agents A and B agree — no reconciliation needed.,46,,
,,,,,,,35.0,,,,,True,False,True,"Deadweight percentage set to 35% based on Agent B's extraction, which aligns with the report excerpt mentioning 'more than a third (35%)'. Other fields remain null due to lack of specific data in the provided excerpt.",47,,
,,,,,,,,,,,,False,False,False,Agents A and B agree — no reconciliation needed.,48,,
,3800000.0,GBP,,1459.0,714.0,32.0,,,,,,False,False,False,"The number of outcomes and stakeholder groups were confirmed based on Agent B's extraction, which aligns with the report details. No additional uncertainties remain.",49,,
,,,,,,,,,,,,False,False,False,Agents A and B agree — no reconciliation needed.,50,,
,,,,,,,,,,,,False,False,False,Agents A and B agree — no reconciliation needed.,51,,
,,GBP,1310000000.0,11800000.0,3.0,,,,,,,False,False,False,"The report explicitly mentions three societal outcomes: greater political interest, higher interpersonal trust, and better health, contributing to the total social value. Therefore, the number of outcomes is confirmed as 3.",52,,
,,,,,,,,,,,,False,False,False,Agents A and B agree — no reconciliation needed.,54,,
,,,,,,,,,,,,False,False,False,Agents A and B agree — no reconciliation needed.,56,,
20.0,5000000.0,GBP,100000000.0,20000.0,10.0,5.0,10.0,15.0,5.0,2.0,3.0,False,False,False,All values from Agent B were accepted as Agent A provided null values. No additional information from the report excerpt contradicts these values.,57,20.0,20.0
2.66,35000000.0,GBP,93000000.0,,,,,35000000.0,,,,False,False,False,"The sroi_ratio, investment_amount, and currency were confirmed based on Agent B's extraction, which aligns with the report excerpt indicating £93m of value from £35m investment. No additional information was available for n_beneficiaries, n_outcomes, n_stakeholder_groups, deadweight_pct, drop_off_pct, displacement_pct, and discount_rate_pct.",59,,2.66
,,,,,,,,,,,,False,False,False,Agents A and B agree — no reconciliation needed.,60,,
3.2,,,93000000.0,91000.0,,,,,,,,False,True,False,Agents A and B agree — no reconciliation needed.,61,3.2,3.2
,300000.0,,5800000.0,,,,,,,,,False,False,True,Agents A and B agree — no reconciliation needed.,62,,
8.83,,INR,903337.0,,,,,,,,,False,False,False,Agents A and B agree — no reconciliation needed.,63,8.83,8.83
,,,,,,,,,,,,False,False,False,Agents A and B agree — no reconciliation needed.,64,,
,4046310.0,GBP,,,,,,,,,,False,False,False,Agents A and B agree — no reconciliation needed.,65,,
,,,,,,,,,,,,False,False,False,Agents A and B agree — no reconciliation needed.,66,,
,,,,,,,,,,,,False,False,False,Agents A and B agree — no reconciliation needed.,68,,
,,,,,,4.0,,,,,,False,False,False,"The number of stakeholder groups was determined to be 4 based on Agent B's extraction. No additional information was available to confirm other fields, resulting in null values for most fields.",69,,
10.0,1050000.0,GBP,10400000.0,,1.0,,,,,,,False,False,False,"The number of outcomes was set to 1 based on Agent B's extraction, as Agent A left it null. No explicit mention of outcomes was found in the provided report excerpt, but Agent B's extraction is assumed to be correct.",70,10.0,10.0
,,,,,,,,,,,,False,False,False,Agents A and B agree — no reconciliation needed.,71,,
10.24,2501.0,GBP,27000.0,,,,109.0,,,,,False,False,False,"The total_social_value was resolved to 27000.0 based on the report excerpt stating that every £2,500 spent on FFT delivers over £27,000 of economic benefits. The deadweight_pct was taken as 109.0, which aligns with the detailed cost-benefit summary in the report. No further uncertainties remain.",72,10.24,10.24
,,,,,,,,,,,,False,False,False,Agents A and B agree — no reconciliation needed.,73,,
,,,,20.0,,2.0,,,,,,False,False,False,"The number of beneficiaries and stakeholder groups were extracted from the report excerpt, confirming Agent B's values. No additional information was available for other fields, leading to null values.",74,,
23.0,1.0,GBP,23.0,,,,,,,,,False,False,False,"The investment amount and currency were confirmed based on the report's statement of £23 for every £1 invested. The total social value is consistent with the SROI ratio, assuming the investment amount is 1.0. No additional information was available to resolve other null fields.",76,23.0,23.0
1.05,1400000.0,SEK,1500000.0,63.0,5.0,7.0,,,,,,False,False,False,Agents A and B agree — no reconciliation needed.,77,1.05,1.05
,,,,,,3.0,,,,,,False,False,False,"The number of stakeholder groups was determined to be 3 based on Agent B's extraction, which aligns with the report excerpt indicating involvement from multiple organizations. No other data was available to resolve other fields, which remain null.",78,,
,,,,,,,,,,,,True,False,False,Agents A and B agree — no reconciliation needed.,79,,
,49000000.0,GBP,,2159.0,,16.0,,,,,,True,False,False,"Investment amount, currency, number of beneficiaries, and number of stakeholder groups were confirmed from Agent B's extraction. No additional information was available to determine values for sroi_ratio, total_social_value, n_outcomes, deadweight_pct, attribution_pct, drop_off_pct, displacement_pct, and discount_rate_pct.",80,,
,277000.0,GBP,,,4.0,,,,,,,False,False,False,"The number of outcomes was set to 4 based on Agent B's extraction. No explicit mention of the number of outcomes was found in the provided report excerpt, but Agent B's extraction is assumed correct. No other uncertainties identified.",81,,
,,,,,,,,,,,,False,False,False,Agents A and B agree — no reconciliation needed.,82,,
,200000.0,GBP,,92.0,,,8.0,,,,,False,False,False,"Values for investment_amount, currency, n_beneficiaries, and deadweight_pct were taken from Agent B as they provided specific figures. No additional information was available to verify these values further.",85,,
3.25,7474000.0,GBP,24300000.0,72.0,,,,,,,,False,False,False,Agents A and B agree — no reconciliation needed.,86,3.25,3.25
,,,,,,,,,,,,True,False,False,Agents A and B agree — no reconciliation needed.,87,,
5.52,1100000.0,GBP,5500000.0,550.0,,3.0,,50.0,20.0,,,True,False,False,"The attribution percentage was set to 50.0 based on the sensitivity analysis details in the report, which mentioned a 25% increase in attribution from 50% to 75% affecting the SROI. No other uncertainties were identified.",88,5.52,5.52
,,,,,,,,,,,,False,False,False,Agents A and B agree — no reconciliation needed.,90,,
5.47,750218.0,GBP,6.37,25.0,,,,,,,,False,False,False,"The total_social_value was confirmed as 6.37 based on the report excerpt, which states that for every £1 of investment, £6.37 of social investment was being created.",91,5.47,5.47
,,,,,,,,,,,,False,False,False,Agents A and B agree — no reconciliation needed.,92,,
,,,,,,,,,,,,False,False,False,Agents A and B agree — no reconciliation needed.,96,,
,,,,,,,,,,,,False,False,False,Agents A and B agree — no reconciliation needed.,97,,
,15000000.0,USD,,,,,,,,,,False,False,False,The investment amount and currency were provided by Agent B and are assumed correct due to lack of conflicting information in the report excerpt. No additional data was available to confirm other fields.,101,,
,,,,,,3.0,,,,,,True,False,False,"The number of stakeholder groups was set to 3 based on Agent B's extraction, which aligns with the report's content. No additional information was available to determine other values, leaving them as null.",102,,
,,,,5100000.0,,,,,,,,False,False,False,Agents A and B agree — no reconciliation needed.,104,,
,,,,,,,,,,,,False,False,False,Agents A and B agree — no reconciliation needed.,105,,
,,,,,,,,,,,,True,False,False,Agents A and B agree — no reconciliation needed.,106,,
,5000000000.0,GBP,,,,,,,,,,False,False,False,"Investment amount and currency were only provided by Agent B. No explicit mention of these values was found in the report excerpt, but they are accepted as correct based on Agent B's extraction.",111,,
,,,,250000.0,,,,,,,,False,False,False,Agents A and B agree — no reconciliation needed.,113,,
,15000000.0,USD,,,,,,,,,,False,False,False,Investment amount and currency were provided by Agent B and are assumed correct due to lack of information from Agent A. No additional data was available to verify these values.,114,,
2.07,660000.0,,1504575.0,3.0,6.0,3.0,,,,,,False,False,False,"The number of beneficiaries, outcomes, and stakeholder groups were taken from Agent B's extraction as Agent A did not provide values. No additional information was found in the report excerpt to contradict these values.",115,2.07,2.07
,,,,,,,,,,,,False,False,False,Agents A and B agree — no reconciliation needed.,116,,
6.24,180694.65,AUD,1127175.86,0.0,5.0,4.0,96.0,100.0,0.0,0.0,,False,False,False,"Agent B's extraction is supported by the report excerpt, which details multiple outcomes and stakeholder groups. The deadweight, attribution, drop-off, and displacement percentages are also corroborated by the report data. No remaining uncertainties.",117,6.24,6.24
,,,,100.0,5.0,3.0,,,,,,True,False,False,"The values for n_beneficiaries, n_outcomes, and n_stakeholder_groups were taken from Agent B's extraction as Agent A provided null values. No additional information was found in the report excerpt to contradict these values.",118,,
,,,,,,5.0,,,,,,True,False,False,"The number of stakeholder groups was set to 5 based on Agent B's extraction. No additional information was available to verify other fields, which remain null.",120,,
,,,,,,6.0,,,,,,False,False,False,Agents A and B agree — no reconciliation needed.,121,,
7.0,150000.0,GBP,1050000.0,28.0,9.0,8.0,,,,,,True,True,False,The number of outcomes was determined to be 9 based on the quantitative information provided in the report excerpt.,122,7.0,7.0
3.03,1.0,GBP,3.03,27500.0,,9.0,,,,,,False,False,False,"Agent B provided specific values for investment amount, currency, total social value, number of beneficiaries, and number of stakeholder groups, which align with the report's context. No additional information was available to verify the number of outcomes or other financial metrics.",123,3.03,3.03
,,,,,,,,,,,,False,False,False,Agents A and B agree — no reconciliation needed.,124,,
0.98,68640.0,EUR,67176.0,34.0,1.0,2.0,,,,,,False,False,False,"The number of outcomes and stakeholder groups were confirmed based on Agent B's extraction, as the report excerpt supports the presence of multiple stakeholder groups and at least one outcome.",125,0.98,0.98
2.44,53565.0,EUR,130914.0,47.0,,,,,,,,False,False,False,Agents A and B agree — no reconciliation needed.,126,2.44,2.44
10.2,148000000.0,EUR,1500000000.0,8.0,,8.0,,,,,,False,False,True,"The number of beneficiaries was set to 8 based on Agent B's extraction, as the report mentions a large number of members involved, but does not specify an exact number. No explicit number of beneficiaries was found in the report excerpt.",127,10.2,10.2
25.0,9.0,GBP,614000000.0,2000000.0,,,,,,,,False,False,False,Agents A and B agree — no reconciliation needed.,128,25.0,25.0
0.97,208027.0,EUR,0.97,89.0,1.0,2.0,,,,,,False,False,False,"The values for total_social_value, n_beneficiaries, n_outcomes, and n_stakeholder_groups were taken from Agent B's extraction as they align with the report's content. No additional uncertainties remain.",129,0.97,0.97
,,,,340.0,,,,,,,,False,False,False,The number of beneficiaries is confirmed as 340 based on the report excerpt indicating the use of around 340 volunteers per year. No other discrepancies or uncertainties were identified in the provided data.,130,,
2.26,1600000.0,EUR,3600000.0,14.0,,14.0,,,,,,True,False,False,"The number of beneficiaries was set to 14 based on Agent B's extraction, as the report excerpt did not provide explicit information to confirm or refute this value. No other uncertainties were identified.",132,2.26,2.26
4.41,76349.0,EUR,336653.0,204.0,81.0,2.0,,,,,,True,False,False,"The number of outcomes and stakeholder groups were confirmed based on the report excerpt, which mentions 81 starting subsidies granted. No additional uncertainties remain.",133,4.41,4.41
,,,,2000000.0,,2500.0,,,,,,False,False,False,"The number of stakeholder groups is confirmed as 2500 based on the report excerpt mentioning over 2,500 charities. No other uncertainties remain.",134,,
,,,,,,,,,,,,False,False,False,Agents A and B agree — no reconciliation needed.,135,,
,,,,,,,,,,,,False,False,False,Agents A and B agree — no reconciliation needed.,136,,
,,,,,,,,,,,,False,False,False,Agents A and B agree — no reconciliation needed.,137,,
,,,,1000.0,,5.0,20.0,30.0,,,3.0,False,False,False,"Values for n_beneficiaries, n_stakeholder_groups, deadweight_pct, attribution_pct, and discount_rate_pct were taken from Agent B's extraction as Agent A provided no data. No additional information was available to verify these values, so they are accepted as correct based on Agent B's extraction.",138,,
4.12,1.0,GBP,4.12,,,,,,,,,False,False,False,"The investment amount and currency were confirmed based on Agent B's extraction, which aligns with the report's statement of £1 investment yielding £4.12 in benefits. No additional information was available to determine the number of beneficiaries, outcomes, or stakeholder groups, nor the percentages for deadweight, attribution, drop-off, displacement, or discount rate.",140,4.12,4.12
,,,,,,,,,,,,False,False,False,Agents A and B agree — no reconciliation needed.,141,,
6.0,,,,47.0,14.0,,,,,,,False,False,False,"The number of outcomes was resolved to 14 based on Agent B's extraction. No additional information was available to determine values for investment amount, currency, total social value, n_stakeholder_groups, deadweight_pct, attribution_pct, drop_off_pct, displacement_pct, and discount_rate_pct.",146,6.0,6.0
,,,,,,,,,,,,False,False,False,Agents A and B agree — no reconciliation needed.,148,,
,,,,104000.0,,,,,,,,False,False,False,"The number of beneficiaries was extracted as 104000 based on Agent B's extraction. No explicit mention of this number was found in the provided report excerpt, but it is assumed to be correct based on Agent B's correction.",149,,
,,,,110.0,72.0,,65.0,50.0,83.0,99.0,,False,False,False,All values from Agent B were used for fields where Agent A provided null values. No additional information was found in the report excerpt to contradict Agent B's extraction.,150,,
,,GH¢,,,,,,,,,,False,False,False,"The currency was confirmed as 'GH¢' based on the report excerpt, which defines it as the Ghanaian cedi. No other data discrepancies were noted.",151,,
487.48,,,2934125.0,145.0,,,,,,,,False,False,False,Agents A and B agree — no reconciliation needed.,152,487.48,487.48
,,,37000000.0,10.0,,,,,,,,False,False,False,"The number of beneficiaries was set to 10 based on Agent B's extraction, which aligns with the report excerpt indicating a focus on 10% of users.",153,,
8.24,,,,130.0,60.0,2.0,,,10.0,,,False,False,False,"The number of outcomes and stakeholder groups were confirmed from Agent B's extraction. No additional information was available to confirm investment amount, currency, total social value, deadweight percentage, attribution percentage, displacement percentage, or discount rate percentage.",154,8.24,8.24
12.25,2500000.0,CAD,,11000.0,1.0,6.0,,,,,,False,False,False,"The number of outcomes and stakeholder groups were confirmed based on the report excerpt, which mentions six broad profiles of LIMTP pass-holders, aligning with agent B's extraction. No additional uncertainties remain.",155,12.25,12.25
,,,,,,,,,,,,False,False,False,Agents A and B agree — no reconciliation needed.,156,,
,750000.0,GBP,792000.0,40.0,,,11.09,,,,,False,False,False,"Values for total_social_value, n_beneficiaries, and deadweight_pct were taken from Agent B as they are supported by the report excerpt. No additional information was found to resolve other null fields.",157,,
,,,,20.0,7.0,1.0,,,,,,False,False,False,"The number of stakeholder groups was set to 1 based on Agent B's extraction. No explicit mention of stakeholder groups was found in the provided report excerpt, but Agent B's extraction is considered more complete.",158,,
,,,,,,,,,,,,False,True,False,Agents A and B agree — no reconciliation needed.,160,,
,20000000.0,AUD,,3000000.0,,,,,,,,False,False,False,"The number of beneficiaries was extracted as 3,000,000 based on the report's mention of financial exclusion affecting around three million Australians. No explicit SROI ratio or total social value was provided in the report.",162,,
,,,,,,,,,,,,True,False,False,Agents A and B agree — no reconciliation needed.,163,,
,,,,2800.0,,,,,,,,True,False,False,Agents A and B agree — no reconciliation needed.,164,,
2.1,,,,1700.0,,,,,,,,False,False,False,Agents A and B agree — no reconciliation needed.,167,2.1,2.1
,,,,8.0,7.0,1.0,,,,,,False,False,False,"The number of stakeholder groups was set to 1 based on Agent B's extraction, as the report mentions a three-way partnership, which implies at least one stakeholder group. No explicit mention of the exact number of stakeholder groups was found in the provided excerpt.",170,,
3.97,,,,25.0,,,,0.0,,,,True,False,False,"The attribution percentage was set to 0.0 based on Agent B's extraction, as the report mentions the involvement of other support agencies, suggesting no attribution to the project alone.",171,3.97,3.97
4.7,,GBP,,76100.0,323.0,16.0,,,,,,False,False,False,"The number of outcomes and stakeholder groups were confirmed from the report excerpt, which mentions 323 projects and 16 countries. No additional uncertainties remain.",173,4.7,4.7
,,,,,,,,,,,,False,False,False,Agents A and B agree — no reconciliation needed.,174,,
,,,,,,,,,,,,False,False,False,Agents A and B agree — no reconciliation needed.,175,,
2.01,94780.0,GBP,,15.0,4.0,21.0,,,,,,True,False,False,"The SROI ratio was determined to be 2.01 based on the report's range of £2.01 to £3.36. The number of outcomes and stakeholder groups were taken from Agent B's extraction, as Agent A did not provide these values. No further uncertainties remain.",176,2.68,2.01
7.23,,,,37.0,5.0,2.0,0.0,0.0,0.0,0.0,0.0,False,False,False,All values from Agent B were accepted as they provided specific numerical data where Agent A did not. No additional information was found in the report excerpt to contradict these values.,177,7.23,7.23
,,,,24602.0,2925.0,128.0,12.0,,,,,False,False,False,"Values for 'n_outcomes', 'n_stakeholder_groups', and 'deadweight_pct' were taken from Agent B as they align with the report excerpt. No additional information was available to resolve other null fields.",178,,
,,,,1200.0,4.0,5.0,10.0,85.0,,,,False,False,False,"Values for n_outcomes, n_stakeholder_groups, deadweight_pct, and attribution_pct were taken from Agent B as Agent A provided no data for these fields. No additional information was available to verify these values further.",179,,
,,,,20000.0,1500.0,4.0,,,,,,False,False,False,"The number of outcomes was extracted as 1500 based on the report excerpt mentioning 'trained 1,500+ People in Accountability & Integrity'.",180,,
,,,,2000.0,5300.0,,,,,,,False,False,False,"The number of outcomes was confirmed as 5300 based on the report excerpt indicating dedicated support provided to over 5,300 individuals. No other uncertainties remain.",181,,
,,,,1300.0,,3.0,,,,,,False,False,False,"The number of beneficiaries and stakeholder groups were extracted from the report excerpt, which mentions 1,300 staff supporting DIO Ops Training. No explicit mention of stakeholder groups was found, but Agent B's extraction of 3 groups is accepted due to lack of contradictory information.",182,,
,,,,10000.0,,,,,,,,False,False,False,"The number of beneficiaries was extracted as 10000 by Agent B, which aligns with the report's mention of 'tens of thousands of people'. No other data points were extractable from the provided text.",183,,
,28600000.0,GBP,,138893.0,39893.0,,,,,,,False,False,False,"Investment amount and currency were confirmed from Agent B's extraction, as they align with the report's financial details. The number of outcomes was also taken from Agent B, as it matches the net rise in passenger trips mentioned in the report. No additional information was available to confirm other fields.",185,,
,486181.0,GBP,560231.0,12000.0,25000.0,4.0,,,,,,False,False,False,The total_social_value and n_outcomes values were taken from Agent B as they align with the report's financial summary and student engagement figures. No further uncertainties remain.,186,,
,,,,2000000.0,2.0,,54.0,35.0,,,,False,True,False,"Agent B provided specific values for n_beneficiaries, n_outcomes, deadweight_pct, and attribution_pct, which are supported by the report excerpt. No additional information was available to verify other fields.",188,,
,,,,97.0,6.0,3.0,5.6,,,,,False,False,False,"Values for n_beneficiaries, n_outcomes, n_stakeholder_groups, and deadweight_pct were taken from Agent B as Agent A provided no data. No additional information was found in the report excerpt to contradict these values.",189,,
,13000000.0,GBP,40.0,38500000.0,,,4.0,,,,,False,False,False,"Agent B provided specific values for investment_amount, currency, total_social_value, n_beneficiaries, and deadweight_pct, which were not contradicted by the report excerpt. These values have been accepted. No additional information was found in the report excerpt to further verify or contradict these values.",190,,
,,,,21000.0,,,,,,,,False,False,False,Agents A and B agree — no reconciliation needed.,191,,
,,,,123852.0,,,,,,,,False,False,False,Agents A and B agree — no reconciliation needed.,192,,
,,,,25492.0,,379.0,,,,,,False,False,False,Agents A and B agree — no reconciliation needed.,193,,
,,,,,,,,,,,,False,False,False,Agents A and B agree — no reconciliation needed.,194,,
,794100.0,USD,,3590.0,,38.0,25.0,,,,,False,False,False,"Agent B's extraction is supported by the report excerpt, which mentions the investment amount and number of beneficiaries. No additional information was found to confirm or refute the other fields.",195,,
,62000000.0,GBP,,53.0,4.0,,9.5,,,,,False,False,False,"The number of beneficiaries (53), number of outcomes (4), and deadweight percentage (9.5%) were confirmed based on the report excerpt. No additional information was available for other fields, which remain null.",196,,
,,,10800000.0,1800.0,,100.0,72.0,,,,,False,False,False,"The number of stakeholder groups and deadweight percentage were confirmed based on Agent B's extraction, which aligns with the report excerpt indicating support for over 100 social enterprises and 72% full-time job positions.",197,,
,,,,50000.0,4.0,150.0,,,,,,False,False,False,"The number of stakeholder groups was determined to be 150 based on Agent B's extraction, which aligns with the report's mention of working with over 150 schools. No other discrepancies were noted.",198,,
,,,,1022263.0,,,15.0,,,,,False,False,False,"The number of beneficiaries and deadweight percentage were extracted from the report excerpt, confirming Agent B's values. No additional information was available for other fields.",199,,
,,,,820.0,428.0,62.0,,,,,,False,False,False,"The number of outcomes and stakeholder groups were confirmed based on the report excerpt, which mentioned directly supporting 428 organisations and helping 62 groups to set up or develop their voluntary organisation.",200,,
,11000000.0,GBP,,30.0,,,,,,,,False,False,False,"The number of beneficiaries was extracted as 30 based on Agent B's extraction, which aligns with the report's mention of investing in 30 properties. No explicit number of beneficiaries was found in the provided excerpt, so this is inferred from context.",201,,
,,,,70000.0,9700.0,,68.0,,,,,False,False,False,The number of outcomes and deadweight percentage were extracted from Agent B's data as they align with the report's content. No additional information was found to confirm other fields.,202,,
,,,,1400000.0,,697.0,,,,,,False,False,False,The number of stakeholder groups was confirmed as 697 based on the report excerpt stating '697 groups of farmers and workers supply Fairtrade to the UK'.,203,,
,,,,3650.0,,11.0,,,,,,False,False,False,Agents A and B agree — no reconciliation needed.,204,,
,,,,,,,,,,,,False,False,False,Agents A and B agree — no reconciliation needed.,205,,
,8700000.0,,,100000.0,700.0,25.0,,,,,,False,False,False,"The values for 'n_outcomes' and 'n_stakeholder_groups' were taken from Agent B as they provided specific numbers, while Agent A left them as null. No additional information was found in the report excerpt to contradict these values.",206,,
,10000.0,GBP,37000000000.0,48500000.0,,291.0,16.0,,,,,False,False,False,"Values for total_social_value, n_stakeholder_groups, and deadweight_pct were confirmed based on Agent B's extraction, which aligns with the report excerpt. No additional uncertainties remain.",207,,
,,,,190000.0,,,,,,,,False,False,False,Agents A and B agree — no reconciliation needed.,208,,
,,,,15.0,,,,,,,,False,False,False,Agents A and B agree — no reconciliation needed.,209,,
,,,,700.0,,,,,,,,False,False,False,Agents A and B agree — no reconciliation needed.,210,,
,,GBP,,850000.0,,,,,,,,False,False,False,"The currency was determined to be GBP based on Agent B's extraction. The number of beneficiaries was set to 850,000, as this figure aligns with the report's mention of the predicted number of people with dementia in the UK by 2015. No other specific data points were found in the report excerpt to resolve other fields.",211,,
,,,,152000.0,198000.0,50.0,,,,,,False,False,False,"The number of outcomes and stakeholder groups were confirmed based on the report excerpt, which mentions supporting nearly 198,000 witnesses and having more than 50 members in the Victims’ Services Alliance. No additional information was available for other fields.",212,,
9.43,,,,16853.0,,,,,,,,False,False,False,"The number of beneficiaries was confirmed as 16853 based on the report excerpt detailing '16,853 total transports'. No other discrepancies were noted, but some fields remain null due to lack of explicit data in the provided excerpt.",213,9.43,9.43
,,,,,,,,,,,,False,False,False,Agents A and B agree — no reconciliation needed.,214,,
,1500000.0,GBP,,1577.0,491.0,24.0,34.0,,,,,False,False,False,"Agent B provided specific values for investment_amount, currency, n_outcomes, n_stakeholder_groups, and deadweight_pct, which are consistent with the report excerpt. No additional information was available to verify other fields.",215,,
,,,,8123.0,,,,,,,,False,False,False,Agents A and B agree — no reconciliation needed.,216,,
,1500000.0,GBP,,1000.0,1000.0,,,,,,,False,False,False,"The number of outcomes was set to 1000 based on Agent B's extraction, which aligns with the number of beneficiaries mentioned in the report. No explicit mention of outcomes was found in the provided excerpt, so this remains an assumption.",217,,
,,,,3500000.0,,,,,,,,False,False,False,Agents A and B agree — no reconciliation needed.,218,,
,,,,1825.0,1842.0,,,,,,,False,False,False,The number of outcomes was confirmed as 1842 based on the data provided in Table 1 of the report excerpt.,219,,
,,,,,,,,,,,,False,False,False,Agents A and B agree — no reconciliation needed.,220,,
,18000000.0,GBP,180000000.0,931000.0,300.0,3000.0,,,,,,False,False,False,"Values for total_social_value, n_outcomes, and n_stakeholder_groups were taken from Agent B as Agent A provided null values. No additional context from the report excerpt to suggest these values are incorrect.",221,,
,,,,14963.0,49976.0,3.0,,,,,,False,False,False,"The number of outcomes and stakeholder groups were confirmed based on the report excerpt, which mentions 49,976 total advice sessions and implies multiple stakeholder groups involved in service delivery. No additional uncertainties remain.",222,,
,,,,,,,,,,,,False,False,False,Agents A and B agree — no reconciliation needed.,223,,
,2800.0,,109000000.0,2100000.0,6600000.0,22000.0,,,,,,False,False,False,The values for 'n_outcomes' and 'n_stakeholder_groups' were taken from Agent B as they align with the report's data on problems solved and volunteer numbers. No additional uncertainties identified.,224,,
,,,,9000.0,780000.0,2000.0,22.0,,,,,False,False,False,"The values for 'n_outcomes', 'n_stakeholder_groups', and 'deadweight_pct' were taken from Agent B as they align with the report excerpt. No additional information was available to determine values for other fields.",225,,
,,,,2700000.0,,,,,,,,False,False,False,"The number of beneficiaries was extracted as 2.7 million based on the report's mention of the total number of people affected by autism in the UK, including their families. No other data discrepancies were noted.",227,,
,,,,26612.0,10000.0,2852.0,,,,,,False,False,False,"The values for 'n_outcomes' and 'n_stakeholder_groups' were confirmed based on the report excerpt, which mentions 10,000 stakeholders and 2,852 frontline advisors. No further uncertainties remain.",228,,
,,,,23.0,,24.0,,,,,,False,False,False,The number of beneficiaries was determined to be 23 based on the report excerpt mentioning 23 partners in the network. No other discrepancies were noted.,229,,
,,,,14000.0,5.0,3.0,,,,,,False,False,False,The number of outcomes and stakeholder groups were extracted by Agent B and are assumed correct due to the absence of data from Agent A. No additional information was available to verify these values.,230,,
,1180000.0,GBP,,100.0,,,,,,,,False,False,False,The number of beneficiaries was confirmed as 100 based on the report excerpt indicating over £1.18 million was awarded to more than 100 sites. No other uncertainties remain.,231,,
,,,,150.0,,,,,,,,False,False,False,Agents A and B agree — no reconciliation needed.,232,,
,15500.0,GBP,,,,,,,,,,False,False,False,Agents A and B agree — no reconciliation needed.,233,,
,,,,5.0,6.0,,,,,,,False,False,False,"The number of beneficiaries and outcomes were extracted by Agent B and are supported by the report excerpt indicating evaluation across five sites. No explicit mention of these numbers was found in the provided excerpt, but Agent B's extraction is considered reasonable based on the context.",234,,
,,,,3000.0,5.0,,,,,,,False,False,False,"The number of outcomes was determined to be 5 based on Agent B's extraction, which aligns with the report's description of improved outcomes for new parents.",235,,
,,,,30000.0,3.0,2.0,0.0,0.0,0.0,0.0,0.0,False,False,False,"All values from Agent B were accepted as Agent A provided null values. No additional information was available to verify these values, but they appear consistent with typical SROI reporting.",236,,
,,,,11.0,,,,,,,,False,False,False,The number of beneficiaries was confirmed as 11 based on the report excerpt indicating the use of the manual at 11 UK sites. No other data points were available in the provided excerpt to resolve other fields.,237,,
,,,,4000.0,5.0,1.0,20.0,20.0,,,,False,False,False,"Values for n_outcomes, n_stakeholder_groups, deadweight_pct, and attribution_pct were taken from Agent B as Agent A provided no data for these fields. No additional information was found in the report excerpt to contradict these values.",238,,
10.0,119000.0,GBP,1190000.0,700.0,1000.0,,,,,,,False,False,False,"The number of outcomes was set to 1000 based on Agent B's extraction, as the report mentions a 1000% return, which aligns with the context of outcomes. No explicit mention of 'n_outcomes' was found in the report excerpt.",239,10.0,10.0
,1300000.0,GBP,77600.0,13570.0,23.0,31.0,,,,,,False,False,False,"The investment amount and currency were confirmed from the report excerpt as £1.3 million, which aligns with Agent B's extraction. The number of outcomes was also confirmed as 23 community groups and schools supported, aligning with Agent B's extraction. No further uncertainties remain.",240,,
,702000.0,GBP,94905.0,289287.0,,,,,,,,False,False,False,"The total_social_value was confirmed as 94905.0 based on the report excerpt mentioning a total growth of £94,905. No other discrepancies were found.",241,,
,800000000.0,GBP,,40000.0,,,,,,,,False,False,False,"Investment amount, currency, and number of beneficiaries were confirmed from the report excerpt. No additional information was available for other fields.",243,,
,,GBP,73000000000.0,,,,2.8,,,,,False,False,False,Deadweight percentage was confirmed as 2.8% based on Agent B's extraction. No additional information was found in the report excerpt to contradict this value.,244,,
,6.1,GBP,,306.0,,,,,,,,False,False,False,Investment amount and currency were confirmed from the report excerpt as 6.1 million GBP. The number of beneficiaries was confirmed as 306 from the report excerpt. No additional information was available to resolve other fields.,245,,
,,,,1500.0,8.0,,,,,,,False,False,False,"The number of outcomes was confirmed as 8 based on Agent B's extraction. No additional information was available to verify other fields, which remain null.",247,,
4.0,,,39000000.0,221.0,200.0,57.0,,,,,,False,False,False,"The number of outcomes and stakeholder groups were confirmed based on Agent B's extraction, which aligns with the report's context. No additional uncertainties were identified.",248,4.0,4.0
,,,,13.0,,,,,,,,False,False,False,"The number of beneficiaries was determined to be 13 based on the report excerpt mentioning the creation of 13 jobs. No other discrepancies were found, and all other fields remain null due to lack of specific data in the provided excerpt.",249,,
,,,,,,,,,,,,False,False,False,Agents A and B agree — no reconciliation needed.,250,,
7.4,,,,124.0,62.0,,,,,,,False,True,False,"The number of outcomes was confirmed as 62 based on the report excerpt, which states that 62 cases were completed. No other uncertainties remain.",252,7.4,7.4
,,,,,,,,,,,,False,False,False,Agents A and B agree — no reconciliation needed.,253,,
,,,,,,,,,,,,False,False,False,Agents A and B agree — no reconciliation needed.,254,,
,,,,,,,,,,,,False,False,False,Agents A and B agree — no reconciliation needed.,255,,
2.2,110000.0,AUD,237000.0,180.0,,,66.0,28.0,4.0,3.0,,False,False,False,"Deadweight, attribution, drop-off, and displacement percentages were confirmed from Agent B's extraction, as Agent A did not provide values. No additional uncertainties remain.",256,2.2,2.2
,120000000.0,USD,,8000000.0,,,,,,,,False,False,False,Agents A and B agree — no reconciliation needed.,257,,
2.58,,GBP,13100000.0,,2.0,3.0,,,,,,False,False,False,The number of outcomes and stakeholder groups were taken from Agent B's extraction as Agent A did not provide values. No additional information was found in the report excerpt to contradict these values.,258,2.58,2.58
,2000.0,GBP,,111.0,7.0,8.0,,,,,,False,False,False,The investment amount and currency were confirmed based on the report excerpt indicating a free event space valued at £2000. The number of outcomes was confirmed as 7 based on the detailed outcomes listed in the report.,259,,
8.78,,,,,,,,,,,,False,False,False,Agents A and B agree — no reconciliation needed.,260,8.78,8.78
8.07,1038176.06,AUD,8375691.71,,,,,,,,,False,False,False,Agents A and B agree — no reconciliation needed.,261,8.07,8.07
,59000000.0,,,180.0,938.0,35.0,,,,,,False,False,False,"The number of outcomes and stakeholder groups were confirmed based on the report excerpt, which mentions 938 full-time jobs and 35 retail units. No additional uncertainties remain.",262,,
,,,,600000000.0,,,,,,,,False,False,False,"The number of beneficiaries was extracted as 600 million by Agent B, which aligns with the report's statement that approximately 600 million people in Africa have no access to electricity. This value is accepted. No other data points were provided in the report excerpt to resolve other fields.",263,,
4.89,,,,70.0,3.0,13.0,,,,,,False,False,False,"The number of outcomes and stakeholder groups were confirmed based on the report excerpt, which mentioned three main themes of impacts and engagement with 13 stakeholders.",265,4.89,4.89
,4000000.0,USD,,100.0,,,,,,,,False,False,False,Agents A and B agree — no reconciliation needed.,267,,
,,,,100.0,,,,,,,,False,False,False,"The number of beneficiaries was set to 100 based on Agent B's extraction, which aligns with the report excerpt stating 'More than 100 children and families are referred to our service every day.' No other data discrepancies were noted.",269,,
2.51,,,1800000.0,10463.0,110.0,,,,,,,False,False,False,Agents A and B agree — no reconciliation needed.,270,2.51,2.51
,,,,,,,,,,,,False,False,False,Agents A and B agree — no reconciliation needed.,271,,
,,,,120000.0,,,,,,,,False,False,False,"The number of beneficiaries was extracted as 120,000 based on Agent B's extraction, which aligns with the context provided in the report excerpt regarding the '120,000 troubled families'. No other data points were available in the provided excerpt to resolve other fields.",272,,
,,,,,,,,,,,,False,False,False,Agents A and B agree — no reconciliation needed.,273,,
,,,,,,,,,,,,False,False,False,Agents A and B agree — no reconciliation needed.,274,,
,,,,,,,,,,,,False,False,False,Agents A and B agree — no reconciliation needed.,275,,
,,,,,,,,,,,,False,False,False,Agents A and B agree — no reconciliation needed.,276,,
,14000000.0,GBP,34000000000.0,150.0,150.0,3500.0,,,,,,False,False,False,"The number of outcomes and stakeholder groups were confirmed based on Agent B's extraction, which aligns with the report excerpt mentioning 150 projects and 3,500 community organisers.",277,,
,,,,233.0,112.0,,,,,,,False,False,False,The number of outcomes was confirmed as 112 based on the report excerpt indicating the Fund extended benefits to 112 households.,278,,
,,,,21.0,5.0,,,,,,,False,False,False,"The number of outcomes was determined to be 5 based on Agent B's extraction. No explicit mention of outcomes was found in the provided report excerpt, but Agent B's extraction is assumed correct. Other fields remain null due to lack of information in the report excerpt.",279,,
,,,,24000.0,,,,,,,,False,False,False,Agents A and B agree — no reconciliation needed.,280,,
3.7,,GBP,4000.0,200000.0,,,,,,,,False,False,False,"The number of beneficiaries was confirmed as 200,000 based on the report's statement of reaching their target a year early. No other uncertainties were identified.",281,3.7,3.7
,,,,,,,,,,,,False,False,False,Agents A and B agree — no reconciliation needed.,282,,
9.0,6600000.0,GBP,59400000.0,,,,,,,,,False,False,False,Agents A and B agree — no reconciliation needed.,283,9.0,9.0
,,GBP,1003808.0,66920.0,,,,,,,,False,False,False,Agents A and B agree — no reconciliation needed.,284,,
,,,,,,,,,,,,False,False,False,Agents A and B agree — no reconciliation needed.,285,,
,,,,,,,,,,,,False,False,False,Agents A and B agree — no reconciliation needed.,286,,
,,,,,,57.0,,,,,,False,False,False,Agents A and B agree — no reconciliation needed.,287,,
,,,,34603.0,5419.0,261.0,,,,,,False,False,False,The number of outcomes was confirmed as 5419 based on the report excerpt indicating 5419 hours of education delivered.,288,,
,75000000.0,GBP,38000000.0,1600.0,,,,,,,,False,False,False,"The total_social_value and n_beneficiaries were extracted by Agent B and are supported by the report excerpt, which mentions £38m invested and 1,600 organizations. No additional information was found in the excerpt to resolve other null fields.",289,,
,1000000.0,GBP,,,,,,,,,,False,False,False,Agents A and B agree — no reconciliation needed.,290,,
,,,425000.0,170.0,,4.0,,,,,,False,False,False,"Values for total_social_value, n_beneficiaries, and n_stakeholder_groups were taken from Agent B as they are supported by the report excerpt. No additional information was available for other fields.",291,,
,1800000.0,GBP,,,,,,,,,,False,False,False,Agents A and B agree — no reconciliation needed.,292,,
,3000000.0,GBP,3000000.0,4294.0,347.0,25.0,,,,,,False,False,False,The total_social_value and n_outcomes were taken from Agent B's extraction as they align with the report excerpt. No explicit SROI ratio or percentage values were provided in the report.,293,,
,,,,448.0,4.0,2.0,100.0,89.0,0.0,0.0,,False,False,False,"Agent B provided specific values for n_outcomes, n_stakeholder_groups, deadweight_pct, attribution_pct, drop_off_pct, and displacement_pct, which were not present in Agent A's extraction. These values have been accepted as correct. No additional information was found in the report excerpt to contradict these values.",294,,
,,,,,,,,,,,,False,False,False,Agents A and B agree — no reconciliation needed.,295,,
,,,,35390.0,,70.0,,,,,,False,False,False,The number of stakeholder groups was determined to be 70 based on the report's mention of working with 70 top businesses.,297,,
,345000000.0,USD,345000000.0,10000000.0,5.0,,,,,,,False,False,False,Investment amount and currency were confirmed from Agent B's extraction. The number of outcomes was also taken from Agent B as it aligns with the report's content. No additional uncertainties remain.,298,,
7.0,,GBP,20532071.0,1000.0,,,,,,,,False,False,False,"The number of beneficiaries was confirmed as 1000 based on Agent B's extraction. No explicit mention of beneficiaries was found in the provided report excerpt, but Agent B's extraction is assumed correct unless further context suggests otherwise.",299,7.0,7.0
,,,,,6.0,4.0,,,,,,True,False,False,"The number of outcomes was determined to be 6 based on Agent B's extraction. No additional information was available to confirm or refute this value, but it aligns with the structure of the report sections.",300,,
,,,,,,,,,,,,True,False,False,"The report includes sections on assessing sensitivity, risk, and uncertainty, which supports the presence of a sensitivity analysis. Therefore, the value from Agent B is accepted.",301,,
,,,,,,,,,,,,True,False,False,Agents A and B agree — no reconciliation needed.,302,,
,,,,,,,,,,,,False,False,False,Agents A and B agree — no reconciliation needed.,303,,
,,,,18700000.0,,,,,,,,False,False,False,The number of beneficiaries was confirmed as 18.7 million based on the report excerpt indicating the crisis affected 18.7 million people. No other data points were available in the provided excerpt to resolve other fields.,304,,
,,,,846000.0,,4.0,65.0,,,,,False,False,False,"The number of beneficiaries and stakeholder groups, as well as the deadweight percentage, were confirmed based on the population and context provided in the report excerpt. No additional data was available to confirm other financial metrics or percentages.",305,,
,,,,,,,,,,,,False,False,False,Agents A and B agree — no reconciliation needed.,306,,
,,,,,,,,,,,,False,False,False,Agents A and B agree — no reconciliation needed.,307,,
,,,,,,,,,,,,False,False,False,Agents A and B agree — no reconciliation needed.,308,,
,,,,13000000.0,,5.0,,,,,,False,False,False,The number of beneficiaries and stakeholder groups were extracted by Agent B and are consistent with the context of the report. No explicit values for other financial metrics or percentages were found in the provided excerpt.,309,,
,,,,,,,,,,,,False,False,False,Agents A and B agree — no reconciliation needed.,310,,
,,,,,,,,,,,,False,False,False,Agents A and B agree — no reconciliation needed.,311,,
,,,,,,,,,,,,True,False,False,"The report includes a section on sensitivity testing, which supports Agent B's extraction that sensitivity analysis is present.",312,,
,32000000000.0,USD,,,,,,,,,,False,False,False,Agents A and B agree — no reconciliation needed.,313,,
,,,,,,,,,,,,False,False,False,Agents A and B agree — no reconciliation needed.,314,,
,,,,,,,,,,,,False,False,False,Agents A and B agree — no reconciliation needed.,315,,
,,,,,,,,,,,,False,False,False,Agents A and B agree — no reconciliation needed.,316,,
,,Bangladesh Taka,,,,,,,,,,False,False,False,"The currency was identified as 'Bangladesh Taka' based on the abbreviation 'BDT' found in the report. No other discrepancies were noted, and all other fields remain null due to lack of specific data in the provided excerpt.",317,,
,,,,,,,,,,,,False,False,False,Agents A and B agree — no reconciliation needed.,318,,
,,,,,,,,,,,,False,False,False,Agents A and B agree — no reconciliation needed.,319,,
,,,,,,,,,,,,False,False,False,Agents A and B agree — no reconciliation needed.,320,,
,7730000000.0,PKR,1000000000.0,,,,,,,,,False,False,False,"The investment amount and currency were confirmed from the report excerpt, which mentions damage estimated at PKR 7.73 billion. The total social value was also extracted by Agent B, but the report excerpt does not provide explicit confirmation for this value. Therefore, there is some uncertainty regarding the total social value.",321,,
,,,,,,,,,,,,True,False,False,Agents A and B agree — no reconciliation needed.,322,,
,,,,,,,,,,,,False,False,False,Agents A and B agree — no reconciliation needed.,323,,
2.89,,EUR,,2600.0,,,,,,,,False,False,False,"The total_social_value was set to null as there is no explicit mention of a total social value figure in the report excerpt provided. The value 2.89 appears to be the SROI ratio, not the total social value.",324,2.89,2.89
1.0,,,,,,,,,,,50.0,False,False,False,"The SROI ratio and discount rate percentage were extracted by Agent B, and are supported by the report's content indicating a benefit/cost ratio of about 1 and a high discount rate. No additional information was available to confirm other financial metrics.",325,,1.0
,,,,,,,,,,,,False,False,False,Agents A and B agree — no reconciliation needed.,326,,
,,,,,,,,,,,,False,False,False,Agents A and B agree — no reconciliation needed.,327,,
,,,,,,,,,,,,False,False,False,Agents A and B agree — no reconciliation needed.,328,,
,,,,,,,,,,,,False,False,False,Agents A and B agree — no reconciliation needed.,329,,
,,,,,,,,,,,,True,False,False,Agents A and B agree — no reconciliation needed.,330,,
,,,,,,,,,,,,False,False,False,Agents A and B agree — no reconciliation needed.,331,,
,,,,,,,,,,,15.0,False,False,False,"The discount rate was extracted as 15.0% by Agent B, which is consistent with the report's focus on discount rates. No explicit mention of other fields was found in the provided excerpt, leading to null values for those fields.",332,,
,11750000000.0,AUD,,,,,,,,,,False,False,False,"The investment amount and currency were extracted by Agent B and are supported by the report excerpt, which mentions a financial cost of $11.75 billion AUD. No additional information was found in the excerpt to resolve other fields.",333,,
,,,,,,,,,,,,False,False,False,Agents A and B agree — no reconciliation needed.,334,,
,,,,,,,,,,,,False,False,False,Agents A and B agree — no reconciliation needed.,335,,
,,,,,,,,,,,,False,False,False,Agents A and B agree — no reconciliation needed.,336,,
,,,,,,,,,,,,False,False,False,Agents A and B agree — no reconciliation needed.,337,,
,,,,1148.0,4.0,,,,,,,False,False,False,"The number of outcomes was determined to be 4 based on Agent B's extraction. No additional information was found in the report excerpt to confirm or refute this value, but it aligns with the structured findings presented in the report.",338,,
,,,,,,,,,,,,False,False,False,Agents A and B agree — no reconciliation needed.,339,,
,11586.0,GBP,,,,,,,,,,False,False,False,"The investment amount and currency were extracted from the balance sheet section of the report, which lists investments as 11,586,000 GBP. No other financial details relevant to SROI calculations were found in the provided excerpt.",340,,
,,,,,,,,,,,,False,False,False,Agents A and B agree — no reconciliation needed.,341,,
,200000.0,GBP,,92.0,,58.0,8.0,,,,,False,False,False,"The values for investment_amount, currency, n_beneficiaries, n_stakeholder_groups, and deadweight_pct were taken from Agent B's extraction as they were supported by the report excerpt. No additional information was available to resolve other null fields.",342,,
,,,,2116.0,,,,,,,,False,False,False,Agents A and B agree — no reconciliation needed.,343,,
,25000000000.0,GBP,,3400000.0,,,,,,,,False,False,False,"The investment amount, currency, and number of beneficiaries were extracted from Agent B's data, as they align with the report's context. No additional information was available to determine values for other fields.",344,,
,25000000000.0,GBP,25000000000.0,,,,60.0,,,,,False,False,False,"The investment amount and deadweight percentage were confirmed based on Agent B's extraction, which aligns with the report's content. No explicit SROI ratio or other percentages were provided in the report.",345,,
,,,,,,,,,,,,False,False,False,Agents A and B agree — no reconciliation needed.,346,,
,,GBP,80000000000.0,830000.0,,,,,,,,False,True,False,"The number of beneficiaries is confirmed as 830,000 based on the report excerpt indicating student expenditure supports over 830,000 UK jobs.",348,,
2.8,1.0,EUR,2.8,,,,,,,,,True,False,False,"The investment amount and total social value were confirmed as 1.0 and 2.8 respectively, based on the report excerpt stating that every €1 invested provides approximately €2.80 in social value. No additional information was available for other fields.",349,2.8,2.8
,,,,,,,,,,,,False,False,False,Agents A and B agree — no reconciliation needed.,350,,
1.57,1.0,GBP,1.57,60.0,,,,,,,,False,False,False,"The investment amount and total social value were confirmed as 1.0 and 1.57 respectively, based on the report excerpt indicating a £1 investment generating £1.57 in social value. No additional uncertainties remain.",351,1.57,1.57
,,,64533900.0,18000.0,,,,,,,,False,False,False,Agents A and B agree — no reconciliation needed.,352,,
,,,,,,,,,,,,False,False,False,Agents A and B agree — no reconciliation needed.,353,,
7.0,603000.0,GBP,6.0,3.0,3.0,3.0,,,,,,True,True,False,"Values for total_social_value, n_beneficiaries, n_outcomes, and n_stakeholder_groups were taken from Agent B as they provided specific numbers, while Agent A left these fields null. The report excerpt supports the presence of three projects, aligning with Agent B's extraction.",354,7.0,7.0
,,,,,7.0,3.0,,,,,,False,True,False,The number of outcomes and stakeholder groups were confirmed as 7 and 3 respectively based on Agent B's extraction. The presence of proxy sources was also confirmed as true. No additional information was available to resolve other fields.,355,,
,,,2500000.0,,26.0,,,,,,,False,False,False,The number of outcomes was confirmed as 26 based on Agent B's extraction. No additional information was found in the report excerpt to contradict this value. Other fields remain null due to lack of explicit data in the provided excerpt.,356,,
1.98,54339.5,AED,107377.95,22.0,,5.0,,,,,,True,False,False,"The number of stakeholder groups was confirmed to be 5 based on the report excerpt listing Emirates NBD, The National Charity School, Action Care, Parents of the Kids, and Coaches at Ahdaaf as stakeholders.",357,1.98,1.98
,,,,7.0,7.0,4.0,,,,,,False,False,False,"The number of outcomes and stakeholder groups were confirmed based on Agent B's extraction, which aligns with the report's description of the program's impact and stakeholders involved.",359,,
,,,,,100.0,,,,,,,False,False,False,The number of outcomes was determined to be 100 based on the report excerpt mentioning approximately 100 types of impacts. No other data discrepancies were noted.,360,,
,,,,,,4.0,,,,,,False,False,False,The number of stakeholder groups was determined to be 4 based on the report excerpt mentioning four STEP Home project teams. No other data discrepancies were noted.,361,,
3.61,9000000.0,GBP,32500000.0,5000000.0,6.0,,,36.0,,,,False,False,False,"The number of beneficiaries and outcomes, as well as the attribution percentage, were confirmed based on Agent B's extraction, which aligns with the report's content. No additional information was available to verify the number of stakeholder groups, deadweight, drop-off, displacement, or discount rate percentages.",362,3.61,3.61
,,,,100.0,50.0,4.0,,,,,,False,False,False,"The values for n_beneficiaries, n_outcomes, and n_stakeholder_groups were taken from Agent B's extraction as Agent A provided null values. No additional information was found in the report excerpt to confirm these values, but they appear reasonable given the context of the report.",363,,
,619661.0,GBP,,126.0,22.0,4.0,78.0,,,,,False,False,False,"Values for n_outcomes, n_stakeholder_groups, and deadweight_pct were taken from Agent B as Agent A provided null values. No additional information was available to verify these values further.",364,,
,,,,55.0,,17.0,,,,,,False,False,False,"The number of beneficiaries and stakeholder groups were confirmed based on the report excerpt, which states that WSN provides support to 55 community-based Women's Centres, Projects, and Infrastructure Groups and has 17 Associate Members.",365,,
,,,,100.0,7.0,3.0,20.0,15.0,10.0,5.0,3.0,False,False,True,"All values were taken from Agent B as Agent A provided null values. The report excerpt supports the presence of 7 outcomes and the application of SROI filters, which aligns with Agent B's extraction.",367,,
3.79,,GBP,,,,,,,,,,True,False,False,Agents A and B agree — no reconciliation needed.,368,3.79,3.79
3.42,,GBP,,400.0,5.0,5.0,51.0,13.0,4.0,3.0,,True,False,False,All values from Agent B were accepted as they provided specific numbers where Agent A had null values. No remaining uncertainties were identified.,369,3.42,3.42
,,,,,,,,,,,,True,False,False,"The report excerpt mentions a section on Sensitivity Analysis (pg 56), supporting Agent B's extraction that sensitivity analysis is included.",370,,
,,,,,,,,,,,,True,False,False,Agents A and B agree — no reconciliation needed.,371,,
4.66,1.0,NZD,4.66,,,,,,,,,False,False,False,"The investment amount and currency were confirmed based on the report's statement that for every $1 invested, $4.66 of value was created. Agent B's extraction aligns with this information, confirming the investment amount as 1.0 and the currency as NZD. No additional information was found to resolve other null fields.",373,4.66,4.66
,,,,305.0,,,,,,,,False,False,False,Agents A and B agree — no reconciliation needed.,375,,
,,,,50000.0,,,,,,,,False,False,False,Agents A and B agree — no reconciliation needed.,377,,
,1000000000.0,USD,,15800.0,,15000.0,78.0,,,,,False,False,False,The number of stakeholder groups and deadweight percentage were confirmed from the report excerpt. No additional uncertainties remain.,378,,
,,,,,,,,,,,,False,False,False,Agents A and B agree — no reconciliation needed.,379,,
,,,,,,,,,,,,False,False,False,Agents A and B agree — no reconciliation needed.,380,,
1.73,70900000.0,USD,123100000.0,2.0,3.0,3.0,10.0,5.0,0.0,0.0,3.0,False,False,False,All values were taken from Agent B's extraction as Agent A provided null values for the fields in disagreement. No additional uncertainties were identified in the provided report excerpt.,382,,1.73
,,€,,,,,,,,,,False,False,False,The currency was determined to be Euro (€) based on the report's context and references to European Union funding and costs.,383,,
